<?xml version="1.0" encoding="UTF-8"?><?xml-stylesheet type='text/xsl' href='_UpgradeReport_Files/UpgradeReport.xslt'?><UpgradeLog>
<Properties><Property Name="Solution" Value="Easychart.Finance">
</Property><Property Name="Solution File" Value="C:\Development\TradingProjects\Easy Financial Chart3.5 .net 2.0\StockExpert\dllreference\Easychart.Finance_Source\Easychart.Finance.sln">
</Property><Property Name="Date" Value="2011年2月21日">
</Property><Property Name="Time" Value="9:47:27 AM">
</Property></Properties><Event ErrorLevel="0" Project="Easychart.Finance" Source="Easychart.Finance.csproj" Description="Project converted successfully">
</Event><Event ErrorLevel="3" Project="Easychart.Finance" Source="Easychart.Finance.csproj" Description="Converted">
</Event><Event ErrorLevel="0" Project="Easychart.Finance" Source="Easychart.Finance.csproj" Description="Scan complete: Upgrade not required for project files.">
</Event></UpgradeLog>