<?xml version="1.0" encoding="UTF-8"?><?xml-stylesheet type='text/xsl' href='_UpgradeReport_Files/UpgradeReport.xslt'?><UpgradeLog>
<Properties><Property Name="Solution" Value="StockExpert">
</Property><Property Name="Solution File" Value="C:\Program Files\Easy Financial Chart .net 2.0\StockExpert\StockExpert.sln">
</Property><Property Name="Date" Value="Friday, September 01, 2006">
</Property><Property Name="Time" Value="14:16 PM">
</Property></Properties><Event ErrorLevel="0" Project="StockExpert" Source="StockExpert.csproj" Description="Project converted successfully">
</Event><Event ErrorLevel="3" Project="StockExpert" Source="StockExpert.csproj" Description="Converted">
</Event><Event ErrorLevel="0" Project="" Source="StockExpert.sln" Description="Solution converted successfully">
</Event><Event ErrorLevel="3" Project="" Source="StockExpert.sln" Description="Converted">
</Event><Event ErrorLevel="0" Project="StockExpert" Source="StockExpert.csproj" Description="Scan complete: Upgrade not required for project files.">
</Event></UpgradeLog>